구,업종,수
종로구,닭/오리요리,164
중구,닭/오리요리,203
용산구,닭/오리요리,134
성동구,닭/오리요리,158
광진구,닭/오리요리,339
동대문구,닭/오리요리,279
중랑구,닭/오리요리,236
성북구,닭/오리요리,261
강북구,닭/오리요리,196
도봉구,닭/오리요리,207
노원구,닭/오리요리,333
은평구,닭/오리요리,322
서대문구,닭/오리요리,213
마포구,닭/오리요리,253
양천구,닭/오리요리,205
강서구,닭/오리요리,345
구로구,닭/오리요리,286
금천구,닭/오리요리,188
영등포구,닭/오리요리,266
동작구,닭/오리요리,198
관악구,닭/오리요리,320
서초구,닭/오리요리,266
강남구,닭/오리요리,462
송파구,닭/오리요리,321
강동구,닭/오리요리,303
종로구,한식,1828
중구,한식,1676
용산구,한식,1589
성동구,한식,1398
광진구,한식,1719
동대문구,한식,1769
중랑구,한식,1334
성북구,한식,1499
강북구,한식,1262
도봉구,한식,910
노원구,한식,1268
은평구,한식,1854
서대문구,한식,1402
마포구,한식,2962
양천구,한식,1114
강서구,한식,2182
구로구,한식,1463
금천구,한식,1065
영등포구,한식,2127
동작구,한식,1020
관악구,한식,1631
서초구,한식,2311
강남구,한식,4594
송파구,한식,2842
강동구,한식,1852
종로구,일식/수산물,283
중구,일식/수산물,335
용산구,일식/수산물,262
성동구,일식/수산물,251
광진구,일식/수산물,407
동대문구,일식/수산물,292
중랑구,일식/수산물,227
성북구,일식/수산물,237
강북구,일식/수산물,177
도봉구,일식/수산물,188
노원구,일식/수산물,260
은평구,일식/수산물,332
서대문구,일식/수산물,242
마포구,일식/수산물,455
양천구,일식/수산물,270
강서구,일식/수산물,482
구로구,일식/수산물,266
금천구,일식/수산물,190
영등포구,일식/수산물,439
동작구,일식/수산물,247
관악구,일식/수산물,354
서초구,일식/수산물,505
강남구,일식/수산물,1226
송파구,일식/수산물,560
강동구,일식/수산물,380
종로구,양식,551
중구,양식,318
용산구,양식,661
성동구,양식,241
광진구,양식,284
동대문구,양식,161
중랑구,양식,80
성북구,양식,197
강북구,양식,74
도봉구,양식,94
노원구,양식,146
은평구,양식,174
서대문구,양식,281
마포구,양식,422
양천구,양식,104
강서구,양식,389
구로구,양식,112
금천구,양식,85
영등포구,양식,269
동작구,양식,131
관악구,양식,302
서초구,양식,526
강남구,양식,1644
송파구,양식,308
강동구,양식,175
종로구,분식,476
중구,분식,488
용산구,분식,347
성동구,분식,324
광진구,분식,576
동대문구,분식,494
중랑구,분식,392
성북구,분식,461
강북구,분식,327
도봉구,분식,323
노원구,분식,457
은평구,분식,545
서대문구,분식,464
마포구,분식,484
양천구,분식,380
강서구,분식,604
구로구,분식,447
금천구,분식,301
영등포구,분식,548
동작구,분식,368
관악구,분식,556
서초구,분식,688
강남구,분식,1114
송파구,분식,746
강동구,분식,532
종로구,패스트푸드,176
중구,패스트푸드,212
용산구,패스트푸드,179
성동구,패스트푸드,136
광진구,패스트푸드,241
동대문구,패스트푸드,177
중랑구,패스트푸드,131
성북구,패스트푸드,213
강북구,패스트푸드,127
도봉구,패스트푸드,111
노원구,패스트푸드,244
은평구,패스트푸드,182
서대문구,패스트푸드,215
마포구,패스트푸드,249
양천구,패스트푸드,181
강서구,패스트푸드,279
구로구,패스트푸드,189
금천구,패스트푸드,107
영등포구,패스트푸드,215
동작구,패스트푸드,150
관악구,패스트푸드,212
서초구,패스트푸드,304
강남구,패스트푸드,679
송파구,패스트푸드,325
강동구,패스트푸드,250
종로구,부페,16
중구,부페,43
용산구,부페,9
성동구,부페,9
광진구,부페,22
동대문구,부페,21
중랑구,부페,13
성북구,부페,9
강북구,부페,6
도봉구,부페,11
노원구,부페,13
은평구,부페,21
서대문구,부페,12
마포구,부페,22
양천구,부페,20
강서구,부페,29
구로구,부페,21
금천구,부페,13
영등포구,부페,49
동작구,부페,12
관악구,부페,13
서초구,부페,23
강남구,부페,65
송파구,부페,34
강동구,부페,28
종로구,기타음식업,18
중구,기타음식업,25
용산구,기타음식업,13
성동구,기타음식업,26
광진구,기타음식업,10
동대문구,기타음식업,10
중랑구,기타음식업,4
성북구,기타음식업,19
강북구,기타음식업,3
도봉구,기타음식업,4
노원구,기타음식업,11
은평구,기타음식업,5
서대문구,기타음식업,28
마포구,기타음식업,21
양천구,기타음식업,10
강서구,기타음식업,20
구로구,기타음식업,8
금천구,기타음식업,9
영등포구,기타음식업,15
동작구,기타음식업,14
관악구,기타음식업,12
서초구,기타음식업,27
강남구,기타음식업,47
송파구,기타음식업,21
강동구,기타음식업,5
종로구,제과제빵떡케익,153
중구,제과제빵떡케익,210
용산구,제과제빵떡케익,208
성동구,제과제빵떡케익,154
광진구,제과제빵떡케익,230
동대문구,제과제빵떡케익,162
중랑구,제과제빵떡케익,158
성북구,제과제빵떡케익,218
강북구,제과제빵떡케익,122
도봉구,제과제빵떡케익,138
노원구,제과제빵떡케익,226
은평구,제과제빵떡케익,242
서대문구,제과제빵떡케익,221
마포구,제과제빵떡케익,291
양천구,제과제빵떡케익,173
강서구,제과제빵떡케익,284
구로구,제과제빵떡케익,164
금천구,제과제빵떡케익,117
영등포구,제과제빵떡케익,220
동작구,제과제빵떡케익,180
관악구,제과제빵떡케익,192
서초구,제과제빵떡케익,299
강남구,제과제빵떡케익,637
송파구,제과제빵떡케익,313
강동구,제과제빵떡케익,254
종로구,별식/퓨전요리,99
중구,별식/퓨전요리,119
용산구,별식/퓨전요리,90
성동구,별식/퓨전요리,73
광진구,별식/퓨전요리,125
동대문구,별식/퓨전요리,112
중랑구,별식/퓨전요리,88
성북구,별식/퓨전요리,85
강북구,별식/퓨전요리,73
도봉구,별식/퓨전요리,52
노원구,별식/퓨전요리,84
은평구,별식/퓨전요리,95
서대문구,별식/퓨전요리,87
마포구,별식/퓨전요리,121
양천구,별식/퓨전요리,77
강서구,별식/퓨전요리,136
구로구,별식/퓨전요리,100
금천구,별식/퓨전요리,87
영등포구,별식/퓨전요리,132
동작구,별식/퓨전요리,69
관악구,별식/퓨전요리,98
서초구,별식/퓨전요리,173
강남구,별식/퓨전요리,262
송파구,별식/퓨전요리,137
강동구,별식/퓨전요리,120
종로구,음식배달서비스,4
중구,음식배달서비스,5
용산구,음식배달서비스,8
성동구,음식배달서비스,3
광진구,음식배달서비스,2
동대문구,음식배달서비스,4
중랑구,음식배달서비스,2
성북구,음식배달서비스,4
강북구,음식배달서비스,5
도봉구,음식배달서비스,3
노원구,음식배달서비스,6
은평구,음식배달서비스,0
서대문구,음식배달서비스,2
마포구,음식배달서비스,6
양천구,음식배달서비스,1
강서구,음식배달서비스,3
구로구,음식배달서비스,5
금천구,음식배달서비스,1
영등포구,음식배달서비스,3
동작구,음식배달서비스,1
관악구,음식배달서비스,4
서초구,음식배달서비스,4
강남구,음식배달서비스,11
송파구,음식배달서비스,10
강동구,음식배달서비스,4
종로구,유흥주점,420
중구,유흥주점,493
용산구,유흥주점,522
성동구,유흥주점,337
광진구,유흥주점,733
동대문구,유흥주점,625
중랑구,유흥주점,526
성북구,유흥주점,417
강북구,유흥주점,411
도봉구,유흥주점,302
노원구,유흥주점,453
은평구,유흥주점,632
서대문구,유흥주점,476
마포구,유흥주점,841
양천구,유흥주점,455
강서구,유흥주점,847
구로구,유흥주점,672
금천구,유흥주점,405
영등포구,유흥주점,822
동작구,유흥주점,380
관악구,유흥주점,786
서초구,유흥주점,764
강남구,유흥주점,1373
송파구,유흥주점,652
강동구,유흥주점,672
종로구,커피점/카페,1165
중구,커피점/카페,995
용산구,커피점/카페,824
성동구,커피점/카페,693
광진구,커피점/카페,909
동대문구,커피점/카페,569
중랑구,커피점/카페,468
성북구,커피점/카페,681
강북구,커피점/카페,334
도봉구,커피점/카페,379
노원구,커피점/카페,632
은평구,커피점/카페,666
서대문구,커피점/카페,814
마포구,커피점/카페,1488
양천구,커피점/카페,577
강서구,커피점/카페,1107
구로구,커피점/카페,642
금천구,커피점/카페,501
영등포구,커피점/카페,1109
동작구,커피점/카페,564
관악구,커피점/카페,748
서초구,커피점/카페,1469
강남구,커피점/카페,2951
송파구,커피점/카페,1125
강동구,커피점/카페,829
종로구,중식,115
중구,중식,140
용산구,중식,104
성동구,중식,104
광진구,중식,180
동대문구,중식,138
중랑구,중식,75
성북구,중식,97
강북구,중식,61
도봉구,중식,68
노원구,중식,118
은평구,중식,120
서대문구,중식,94
마포구,중식,160
양천구,중식,92
강서구,중식,174
구로구,중식,248
금천구,중식,111
영등포구,중식,320
동작구,중식,86
관악구,중식,139
서초구,중식,183
강남구,중식,400
송파구,중식,176
강동구,중식,121
종로구,광고/인쇄,54
중구,광고/인쇄,579
용산구,광고/인쇄,38
성동구,광고/인쇄,75
광진구,광고/인쇄,84
동대문구,광고/인쇄,53
중랑구,광고/인쇄,41
성북구,광고/인쇄,45
강북구,광고/인쇄,18
도봉구,광고/인쇄,19
노원구,광고/인쇄,12
은평구,광고/인쇄,26
서대문구,광고/인쇄,23
마포구,광고/인쇄,57
양천구,광고/인쇄,39
강서구,광고/인쇄,65
구로구,광고/인쇄,51
금천구,광고/인쇄,63
영등포구,광고/인쇄,141
동작구,광고/인쇄,29
관악구,광고/인쇄,51
서초구,광고/인쇄,86
강남구,광고/인쇄,145
송파구,광고/인쇄,59
강동구,광고/인쇄,58
종로구,개인/가정용품수리,40
중구,개인/가정용품수리,66
용산구,개인/가정용품수리,128
성동구,개인/가정용품수리,68
광진구,개인/가정용품수리,119
동대문구,개인/가정용품수리,60
중랑구,개인/가정용품수리,77
성북구,개인/가정용품수리,89
강북구,개인/가정용품수리,39
도봉구,개인/가정용품수리,46
노원구,개인/가정용품수리,60
은평구,개인/가정용품수리,64
서대문구,개인/가정용품수리,50
마포구,개인/가정용품수리,69
양천구,개인/가정용품수리,66
강서구,개인/가정용품수리,93
구로구,개인/가정용품수리,88
금천구,개인/가정용품수리,83
영등포구,개인/가정용품수리,87
동작구,개인/가정용품수리,44
관악구,개인/가정용품수리,123
서초구,개인/가정용품수리,123
강남구,개인/가정용품수리,209
송파구,개인/가정용품수리,130
강동구,개인/가정용품수리,131
종로구,자동차/이륜차,94
중구,자동차/이륜차,160
용산구,자동차/이륜차,140
성동구,자동차/이륜차,260
광진구,자동차/이륜차,229
동대문구,자동차/이륜차,317
중랑구,자동차/이륜차,226
성북구,자동차/이륜차,237
강북구,자동차/이륜차,125
도봉구,자동차/이륜차,143
노원구,자동차/이륜차,142
은평구,자동차/이륜차,150
서대문구,자동차/이륜차,116
마포구,자동차/이륜차,131
양천구,자동차/이륜차,174
강서구,자동차/이륜차,257
구로구,자동차/이륜차,197
금천구,자동차/이륜차,168
영등포구,자동차/이륜차,303
동작구,자동차/이륜차,92
관악구,자동차/이륜차,161
서초구,자동차/이륜차,224
강남구,자동차/이륜차,324
송파구,자동차/이륜차,156
강동구,자동차/이륜차,221
종로구,주유소/충전소,7
중구,주유소/충전소,14
용산구,주유소/충전소,9
성동구,주유소/충전소,16
광진구,주유소/충전소,22
동대문구,주유소/충전소,17
중랑구,주유소/충전소,14
성북구,주유소/충전소,26
강북구,주유소/충전소,8
도봉구,주유소/충전소,20
노원구,주유소/충전소,13
은평구,주유소/충전소,15
서대문구,주유소/충전소,13
마포구,주유소/충전소,10
양천구,주유소/충전소,22
강서구,주유소/충전소,31
구로구,주유소/충전소,16
금천구,주유소/충전소,9
영등포구,주유소/충전소,20
동작구,주유소/충전소,11
관악구,주유소/충전소,10
서초구,주유소/충전소,47
강남구,주유소/충전소,51
송파구,주유소/충전소,15
강동구,주유소/충전소,14
종로구,주택수리,22
중구,주택수리,33
용산구,주택수리,30
성동구,주택수리,26
광진구,주택수리,144
동대문구,주택수리,40
중랑구,주택수리,65
성북구,주택수리,46
강북구,주택수리,25
도봉구,주택수리,38
노원구,주택수리,30
은평구,주택수리,42
서대문구,주택수리,21
마포구,주택수리,30
양천구,주택수리,59
강서구,주택수리,41
구로구,주택수리,61
금천구,주택수리,54
영등포구,주택수리,51
동작구,주택수리,36
관악구,주택수리,70
서초구,주택수리,110
강남구,주택수리,84
송파구,주택수리,70
강동구,주택수리,104
종로구,운송/배달/택배,28
중구,운송/배달/택배,25
용산구,운송/배달/택배,28
성동구,운송/배달/택배,32
광진구,운송/배달/택배,53
동대문구,운송/배달/택배,44
중랑구,운송/배달/택배,64
성북구,운송/배달/택배,49
강북구,운송/배달/택배,45
도봉구,운송/배달/택배,59
노원구,운송/배달/택배,48
은평구,운송/배달/택배,50
서대문구,운송/배달/택배,30
마포구,운송/배달/택배,30
양천구,운송/배달/택배,51
강서구,운송/배달/택배,70
구로구,운송/배달/택배,41
금천구,운송/배달/택배,54
영등포구,운송/배달/택배,59
동작구,운송/배달/택배,41
관악구,운송/배달/택배,51
서초구,운송/배달/택배,38
강남구,운송/배달/택배,63
송파구,운송/배달/택배,52
강동구,운송/배달/택배,55
종로구,예식/의례/관혼상제,25
중구,예식/의례/관혼상제,21
용산구,예식/의례/관혼상제,14
성동구,예식/의례/관혼상제,12
광진구,예식/의례/관혼상제,22
동대문구,예식/의례/관혼상제,21
중랑구,예식/의례/관혼상제,4
성북구,예식/의례/관혼상제,11
강북구,예식/의례/관혼상제,9
도봉구,예식/의례/관혼상제,5
노원구,예식/의례/관혼상제,6
은평구,예식/의례/관혼상제,11
서대문구,예식/의례/관혼상제,17
마포구,예식/의례/관혼상제,16
양천구,예식/의례/관혼상제,9
강서구,예식/의례/관혼상제,10
구로구,예식/의례/관혼상제,17
금천구,예식/의례/관혼상제,9
영등포구,예식/의례/관혼상제,45
동작구,예식/의례/관혼상제,9
관악구,예식/의례/관혼상제,17
서초구,예식/의례/관혼상제,46
강남구,예식/의례/관혼상제,272
송파구,예식/의례/관혼상제,28
강동구,예식/의례/관혼상제,14
종로구,기타서비스업,84
중구,기타서비스업,112
용산구,기타서비스업,60
성동구,기타서비스업,41
광진구,기타서비스업,63
동대문구,기타서비스업,27
중랑구,기타서비스업,18
성북구,기타서비스업,36
강북구,기타서비스업,3
도봉구,기타서비스업,16
노원구,기타서비스업,20
은평구,기타서비스업,22
서대문구,기타서비스업,33
마포구,기타서비스업,81
양천구,기타서비스업,27
강서구,기타서비스업,60
구로구,기타서비스업,38
금천구,기타서비스업,53
영등포구,기타서비스업,194
동작구,기타서비스업,24
관악구,기타서비스업,24
서초구,기타서비스업,234
강남구,기타서비스업,567
송파구,기타서비스업,66
강동구,기타서비스업,27
종로구,대중목욕탕/휴게,24
중구,대중목욕탕/휴게,32
용산구,대중목욕탕/휴게,47
성동구,대중목욕탕/휴게,33
광진구,대중목욕탕/휴게,54
동대문구,대중목욕탕/휴게,48
중랑구,대중목욕탕/휴게,29
성북구,대중목욕탕/휴게,37
강북구,대중목욕탕/휴게,31
도봉구,대중목욕탕/휴게,21
노원구,대중목욕탕/휴게,33
은평구,대중목욕탕/휴게,40
서대문구,대중목욕탕/휴게,21
마포구,대중목욕탕/휴게,38
양천구,대중목욕탕/휴게,44
강서구,대중목욕탕/휴게,61
구로구,대중목욕탕/휴게,37
금천구,대중목욕탕/휴게,25
영등포구,대중목욕탕/휴게,56
동작구,대중목욕탕/휴게,34
관악구,대중목욕탕/휴게,49
서초구,대중목욕탕/휴게,55
강남구,대중목욕탕/휴게,118
송파구,대중목욕탕/휴게,46
강동구,대중목욕탕/휴게,49
종로구,세탁/가사서비스,154
중구,세탁/가사서비스,151
용산구,세탁/가사서비스,196
성동구,세탁/가사서비스,289
광진구,세탁/가사서비스,387
동대문구,세탁/가사서비스,323
중랑구,세탁/가사서비스,316
성북구,세탁/가사서비스,372
강북구,세탁/가사서비스,224
도봉구,세탁/가사서비스,246
노원구,세탁/가사서비스,345
은평구,세탁/가사서비스,326
서대문구,세탁/가사서비스,214
마포구,세탁/가사서비스,289
양천구,세탁/가사서비스,270
강서구,세탁/가사서비스,440
구로구,세탁/가사서비스,387
금천구,세탁/가사서비스,261
영등포구,세탁/가사서비스,358
동작구,세탁/가사서비스,270
관악구,세탁/가사서비스,440
서초구,세탁/가사서비스,447
강남구,세탁/가사서비스,659
송파구,세탁/가사서비스,542
강동구,세탁/가사서비스,406
종로구,물품기기대여,19
중구,물품기기대여,26
용산구,물품기기대여,19
성동구,물품기기대여,23
광진구,물품기기대여,56
동대문구,물품기기대여,23
중랑구,물품기기대여,21
성북구,물품기기대여,19
강북구,물품기기대여,9
도봉구,물품기기대여,12
노원구,물품기기대여,25
은평구,물품기기대여,11
서대문구,물품기기대여,17
마포구,물품기기대여,24
양천구,물품기기대여,19
강서구,물품기기대여,32
구로구,물품기기대여,30
금천구,물품기기대여,23
영등포구,물품기기대여,38
동작구,물품기기대여,14
관악구,물품기기대여,28
서초구,물품기기대여,59
강남구,물품기기대여,105
송파구,물품기기대여,38
강동구,물품기기대여,27
종로구,법무세무회계,8
중구,법무세무회계,2
용산구,법무세무회계,5
성동구,법무세무회계,2
광진구,법무세무회계,3
동대문구,법무세무회계,3
중랑구,법무세무회계,0
성북구,법무세무회계,2
강북구,법무세무회계,0
도봉구,법무세무회계,0
노원구,법무세무회계,1
은평구,법무세무회계,3
서대문구,법무세무회계,1
마포구,법무세무회계,6
양천구,법무세무회계,4
강서구,법무세무회계,2
구로구,법무세무회계,3
금천구,법무세무회계,2
영등포구,법무세무회계,12
동작구,법무세무회계,2
관악구,법무세무회계,2
서초구,법무세무회계,148
강남구,법무세무회계,48
송파구,법무세무회계,5
강동구,법무세무회계,3
종로구,개인서비스,41
중구,개인서비스,43
용산구,개인서비스,11
성동구,개인서비스,13
광진구,개인서비스,39
동대문구,개인서비스,10
중랑구,개인서비스,18
성북구,개인서비스,29
강북구,개인서비스,10
도봉구,개인서비스,13
노원구,개인서비스,14
은평구,개인서비스,13
서대문구,개인서비스,16
마포구,개인서비스,31
양천구,개인서비스,13
강서구,개인서비스,27
구로구,개인서비스,26
금천구,개인서비스,17
영등포구,개인서비스,31
동작구,개인서비스,13
관악구,개인서비스,68
서초구,개인서비스,35
강남구,개인서비스,102
송파구,개인서비스,42
강동구,개인서비스,34
종로구,인력/고용/용역알선,37
중구,인력/고용/용역알선,46
용산구,인력/고용/용역알선,14
성동구,인력/고용/용역알선,28
광진구,인력/고용/용역알선,65
동대문구,인력/고용/용역알선,19
중랑구,인력/고용/용역알선,39
성북구,인력/고용/용역알선,22
강북구,인력/고용/용역알선,13
도봉구,인력/고용/용역알선,16
노원구,인력/고용/용역알선,16
은평구,인력/고용/용역알선,30
서대문구,인력/고용/용역알선,21
마포구,인력/고용/용역알선,27
양천구,인력/고용/용역알선,21
강서구,인력/고용/용역알선,41
구로구,인력/고용/용역알선,51
금천구,인력/고용/용역알선,25
영등포구,인력/고용/용역알선,89
동작구,인력/고용/용역알선,13
관악구,인력/고용/용역알선,44
서초구,인력/고용/용역알선,72
강남구,인력/고용/용역알선,128
송파구,인력/고용/용역알선,37
강동구,인력/고용/용역알선,47
종로구,대행업,36
중구,대행업,35
용산구,대행업,22
성동구,대행업,8
광진구,대행업,13
동대문구,대행업,12
중랑구,대행업,3
성북구,대행업,18
강북구,대행업,3
도봉구,대행업,3
노원구,대행업,12
은평구,대행업,4
서대문구,대행업,17
마포구,대행업,15
양천구,대행업,22
강서구,대행업,14
구로구,대행업,5
금천구,대행업,8
영등포구,대행업,16
동작구,대행업,5
관악구,대행업,8
서초구,대행업,83
강남구,대행업,127
송파구,대행업,9
강동구,대행업,6
종로구,사진,55
중구,사진,91
용산구,사진,60
성동구,사진,49
광진구,사진,90
동대문구,사진,37
중랑구,사진,35
성북구,사진,59
강북구,사진,24
도봉구,사진,20
노원구,사진,47
은평구,사진,43
서대문구,사진,57
마포구,사진,114
양천구,사진,37
강서구,사진,73
구로구,사진,45
금천구,사진,21
영등포구,사진,60
동작구,사진,32
관악구,사진,48
서초구,사진,116
강남구,사진,367
송파구,사진,74
강동구,사진,52
종로구,행사/이벤트,14
중구,행사/이벤트,14
용산구,행사/이벤트,22
성동구,행사/이벤트,23
광진구,행사/이벤트,28
동대문구,행사/이벤트,5
중랑구,행사/이벤트,9
성북구,행사/이벤트,8
강북구,행사/이벤트,3
도봉구,행사/이벤트,8
노원구,행사/이벤트,6
은평구,행사/이벤트,11
서대문구,행사/이벤트,16
마포구,행사/이벤트,34
양천구,행사/이벤트,9
강서구,행사/이벤트,20
구로구,행사/이벤트,13
금천구,행사/이벤트,11
영등포구,행사/이벤트,30
동작구,행사/이벤트,11
관악구,행사/이벤트,13
서초구,행사/이벤트,48
강남구,행사/이벤트,173
송파구,행사/이벤트,25
강동구,행사/이벤트,12
종로구,이/미용/건강,413
중구,이/미용/건강,529
용산구,이/미용/건강,670
성동구,이/미용/건강,726
광진구,이/미용/건강,1354
동대문구,이/미용/건강,966
중랑구,이/미용/건강,1156
성북구,이/미용/건강,1074
강북구,이/미용/건강,843
도봉구,이/미용/건강,783
노원구,이/미용/건강,1256
은평구,이/미용/건강,1422
서대문구,이/미용/건강,857
마포구,이/미용/건강,1304
양천구,이/미용/건강,1184
강서구,이/미용/건강,1693
구로구,이/미용/건강,1105
금천구,이/미용/건강,712
영등포구,이/미용/건강,1032
동작구,이/미용/건강,919
관악구,이/미용/건강,1392
서초구,이/미용/건강,1488
강남구,이/미용/건강,3085
송파구,이/미용/건강,1709
강동구,이/미용/건강,1574
종로구,장례/묘지,9
중구,장례/묘지,9
용산구,장례/묘지,3
성동구,장례/묘지,8
광진구,장례/묘지,11
동대문구,장례/묘지,8
중랑구,장례/묘지,10
성북구,장례/묘지,8
강북구,장례/묘지,3
도봉구,장례/묘지,6
노원구,장례/묘지,7
은평구,장례/묘지,10
서대문구,장례/묘지,3
마포구,장례/묘지,4
양천구,장례/묘지,5
강서구,장례/묘지,9
구로구,장례/묘지,7
금천구,장례/묘지,4
영등포구,장례/묘지,10
동작구,장례/묘지,6
관악구,장례/묘지,3
서초구,장례/묘지,13
강남구,장례/묘지,21
송파구,장례/묘지,7
강동구,장례/묘지,7
종로구,종합소매점,1822
중구,종합소매점,2376
용산구,종합소매점,632
성동구,종합소매점,560
광진구,종합소매점,858
동대문구,종합소매점,989
중랑구,종합소매점,612
성북구,종합소매점,743
강북구,종합소매점,541
도봉구,종합소매점,507
노원구,종합소매점,641
은평구,종합소매점,756
서대문구,종합소매점,585
마포구,종합소매점,746
양천구,종합소매점,557
강서구,종합소매점,973
구로구,종합소매점,693
금천구,종합소매점,541
영등포구,종합소매점,1332
동작구,종합소매점,564
관악구,종합소매점,837
서초구,종합소매점,1427
강남구,종합소매점,1642
송파구,종합소매점,1598
강동구,종합소매점,701
종로구,중고품소매/교환,11
중구,중고품소매/교환,12
용산구,중고품소매/교환,12
성동구,중고품소매/교환,9
광진구,중고품소매/교환,25
동대문구,중고품소매/교환,26
중랑구,중고품소매/교환,13
성북구,중고품소매/교환,18
강북구,중고품소매/교환,7
도봉구,중고품소매/교환,13
노원구,중고품소매/교환,10
은평구,중고품소매/교환,19
서대문구,중고품소매/교환,4
마포구,중고품소매/교환,13
양천구,중고품소매/교환,15
강서구,중고품소매/교환,19
구로구,중고품소매/교환,24
금천구,중고품소매/교환,19
영등포구,중고품소매/교환,22
동작구,중고품소매/교환,7
관악구,중고품소매/교환,19
서초구,중고품소매/교환,21
강남구,중고품소매/교환,48
송파구,중고품소매/교환,25
강동구,중고품소매/교환,13
종로구,의복의류,1037
중구,의복의류,2791
용산구,의복의류,539
성동구,의복의류,287
광진구,의복의류,931
동대문구,의복의류,848
중랑구,의복의류,428
성북구,의복의류,524
강북구,의복의류,286
도봉구,의복의류,320
노원구,의복의류,471
은평구,의복의류,482
서대문구,의복의류,471
마포구,의복의류,374
양천구,의복의류,406
강서구,의복의류,699
구로구,의복의류,410
금천구,의복의류,615
영등포구,의복의류,790
동작구,의복의류,243
관악구,의복의류,492
서초구,의복의류,889
강남구,의복의류,1841
송파구,의복의류,652
강동구,의복의류,678
종로구,기타판매업,81
중구,기타판매업,115
용산구,기타판매업,70
성동구,기타판매업,49
광진구,기타판매업,125
동대문구,기타판매업,72
중랑구,기타판매업,64
성북구,기타판매업,77
강북구,기타판매업,41
도봉구,기타판매업,41
노원구,기타판매업,40
은평구,기타판매업,51
서대문구,기타판매업,37
마포구,기타판매업,52
양천구,기타판매업,21
강서구,기타판매업,59
구로구,기타판매업,65
금천구,기타판매업,68
영등포구,기타판매업,107
동작구,기타판매업,30
관악구,기타판매업,62
서초구,기타판매업,92
강남구,기타판매업,240
송파구,기타판매업,54
강동구,기타판매업,64
종로구,음/식료품소매,215
중구,음/식료품소매,406
용산구,음/식료품소매,217
성동구,음/식료품소매,350
광진구,음/식료품소매,470
동대문구,음/식료품소매,731
중랑구,음/식료품소매,332
성북구,음/식료품소매,352
강북구,음/식료품소매,331
도봉구,음/식료품소매,294
노원구,음/식료품소매,329
은평구,음/식료품소매,357
서대문구,음/식료품소매,212
마포구,음/식료품소매,269
양천구,음/식료품소매,269
강서구,음/식료품소매,344
구로구,음/식료품소매,305
금천구,음/식료품소매,374
영등포구,음/식료품소매,538
동작구,음/식료품소매,231
관악구,음/식료품소매,366
서초구,음/식료품소매,280
강남구,음/식료품소매,489
송파구,음/식료품소매,476
강동구,음/식료품소매,355
종로구,가정/주방/인테리어,415
중구,가정/주방/인테리어,480
용산구,가정/주방/인테리어,248
성동구,가정/주방/인테리어,199
광진구,가정/주방/인테리어,415
동대문구,가정/주방/인테리어,313
중랑구,가정/주방/인테리어,355
성북구,가정/주방/인테리어,305
강북구,가정/주방/인테리어,220
도봉구,가정/주방/인테리어,286
노원구,가정/주방/인테리어,322
은평구,가정/주방/인테리어,303
서대문구,가정/주방/인테리어,167
마포구,가정/주방/인테리어,203
양천구,가정/주방/인테리어,245
강서구,가정/주방/인테리어,317
구로구,가정/주방/인테리어,296
금천구,가정/주방/인테리어,247
영등포구,가정/주방/인테리어,368
동작구,가정/주방/인테리어,200
관악구,가정/주방/인테리어,328
서초구,가정/주방/인테리어,414
강남구,가정/주방/인테리어,585
송파구,가정/주방/인테리어,363
강동구,가정/주방/인테리어,315
종로구,선물/팬시/기념품,153
중구,선물/팬시/기념품,171
용산구,선물/팬시/기념품,97
성동구,선물/팬시/기념품,55
광진구,선물/팬시/기념품,129
동대문구,선물/팬시/기념품,74
중랑구,선물/팬시/기념품,49
성북구,선물/팬시/기념품,83
강북구,선물/팬시/기념품,48
도봉구,선물/팬시/기념품,53
노원구,선물/팬시/기념품,79
은평구,선물/팬시/기념품,71
서대문구,선물/팬시/기념품,87
마포구,선물/팬시/기념품,118
양천구,선물/팬시/기념품,84
강서구,선물/팬시/기념품,113
구로구,선물/팬시/기념품,71
금천구,선물/팬시/기념품,40
영등포구,선물/팬시/기념품,130
동작구,선물/팬시/기념품,62
관악구,선물/팬시/기념품,67
서초구,선물/팬시/기념품,490
강남구,선물/팬시/기념품,346
송파구,선물/팬시/기념품,105
강동구,선물/팬시/기념품,111
종로구,사무/문구/컴퓨터,199
중구,사무/문구/컴퓨터,183
용산구,사무/문구/컴퓨터,660
성동구,사무/문구/컴퓨터,96
광진구,사무/문구/컴퓨터,243
동대문구,사무/문구/컴퓨터,144
중랑구,사무/문구/컴퓨터,101
성북구,사무/문구/컴퓨터,133
강북구,사무/문구/컴퓨터,70
도봉구,사무/문구/컴퓨터,100
노원구,사무/문구/컴퓨터,130
은평구,사무/문구/컴퓨터,98
서대문구,사무/문구/컴퓨터,101
마포구,사무/문구/컴퓨터,134
양천구,사무/문구/컴퓨터,89
강서구,사무/문구/컴퓨터,122
구로구,사무/문구/컴퓨터,161
금천구,사무/문구/컴퓨터,105
영등포구,사무/문구/컴퓨터,184
동작구,사무/문구/컴퓨터,66
관악구,사무/문구/컴퓨터,96
서초구,사무/문구/컴퓨터,252
강남구,사무/문구/컴퓨터,439
송파구,사무/문구/컴퓨터,140
강동구,사무/문구/컴퓨터,82
종로구,가방/신발/액세서리,351
중구,가방/신발/액세서리,644
용산구,가방/신발/액세서리,244
성동구,가방/신발/액세서리,132
광진구,가방/신발/액세서리,210
동대문구,가방/신발/액세서리,330
중랑구,가방/신발/액세서리,133
성북구,가방/신발/액세서리,156
강북구,가방/신발/액세서리,116
도봉구,가방/신발/액세서리,80
노원구,가방/신발/액세서리,130
은평구,가방/신발/액세서리,124
서대문구,가방/신발/액세서리,163
마포구,가방/신발/액세서리,160
양천구,가방/신발/액세서리,123
강서구,가방/신발/액세서리,169
구로구,가방/신발/액세서리,121
금천구,가방/신발/액세서리,115
영등포구,가방/신발/액세서리,265
동작구,가방/신발/액세서리,65
관악구,가방/신발/액세서리,142
서초구,가방/신발/액세서리,231
강남구,가방/신발/액세서리,486
송파구,가방/신발/액세서리,189
강동구,가방/신발/액세서리,170
종로구,애견/애완/동물,8
중구,애견/애완/동물,15
용산구,애견/애완/동물,9
성동구,애견/애완/동물,5
광진구,애견/애완/동물,29
동대문구,애견/애완/동물,8
중랑구,애견/애완/동물,15
성북구,애견/애완/동물,13
강북구,애견/애완/동물,11
도봉구,애견/애완/동물,11
노원구,애견/애완/동물,7
은평구,애견/애완/동물,9
서대문구,애견/애완/동물,6
마포구,애견/애완/동물,11
양천구,애견/애완/동물,12
강서구,애견/애완/동물,13
구로구,애견/애완/동물,7
금천구,애견/애완/동물,8
영등포구,애견/애완/동물,13
동작구,애견/애완/동물,8
관악구,애견/애완/동물,16
서초구,애견/애완/동물,10
강남구,애견/애완/동물,17
송파구,애견/애완/동물,22
강동구,애견/애완/동물,13
종로구,유아용품,6
중구,유아용품,4
용산구,유아용품,6
성동구,유아용품,3
광진구,유아용품,17
동대문구,유아용품,26
중랑구,유아용품,9
성북구,유아용품,8
강북구,유아용품,3
도봉구,유아용품,6
노원구,유아용품,8
은평구,유아용품,13
서대문구,유아용품,6
마포구,유아용품,5
양천구,유아용품,6
강서구,유아용품,22
구로구,유아용품,13
금천구,유아용품,10
영등포구,유아용품,7
동작구,유아용품,5
관악구,유아용품,3
서초구,유아용품,16
강남구,유아용품,28
송파구,유아용품,15
강동구,유아용품,10
종로구,자동차/자동차용품,33
중구,자동차/자동차용품,55
용산구,자동차/자동차용품,68
성동구,자동차/자동차용품,159
광진구,자동차/자동차용품,98
동대문구,자동차/자동차용품,264
중랑구,자동차/자동차용품,59
성북구,자동차/자동차용품,57
강북구,자동차/자동차용품,37
도봉구,자동차/자동차용품,53
노원구,자동차/자동차용품,45
은평구,자동차/자동차용품,46
서대문구,자동차/자동차용품,26
마포구,자동차/자동차용품,48
양천구,자동차/자동차용품,84
강서구,자동차/자동차용품,206
구로구,자동차/자동차용품,66
금천구,자동차/자동차용품,64
영등포구,자동차/자동차용품,127
동작구,자동차/자동차용품,22
관악구,자동차/자동차용품,43
서초구,자동차/자동차용품,174
강남구,자동차/자동차용품,256
송파구,자동차/자동차용품,98
강동구,자동차/자동차용품,77
종로구,의약/의료품소매,59
중구,의약/의료품소매,76
용산구,의약/의료품소매,31
성동구,의약/의료품소매,40
광진구,의약/의료품소매,119
동대문구,의약/의료품소매,67
중랑구,의약/의료품소매,40
성북구,의약/의료품소매,58
강북구,의약/의료품소매,30
도봉구,의약/의료품소매,42
노원구,의약/의료품소매,39
은평구,의약/의료품소매,41
서대문구,의약/의료품소매,35
마포구,의약/의료품소매,32
양천구,의약/의료품소매,31
강서구,의약/의료품소매,65
구로구,의약/의료품소매,54
금천구,의약/의료품소매,45
영등포구,의약/의료품소매,91
동작구,의약/의료품소매,28
관악구,의약/의료품소매,44
서초구,의약/의료품소매,96
강남구,의약/의료품소매,148
송파구,의약/의료품소매,52
강동구,의약/의료품소매,52
종로구,화장품소매,106
중구,화장품소매,258
용산구,화장품소매,108
성동구,화장품소매,92
광진구,화장품소매,266
동대문구,화장품소매,201
중랑구,화장품소매,166
성북구,화장품소매,201
강북구,화장품소매,99
도봉구,화장품소매,118
노원구,화장품소매,199
은평구,화장품소매,185
서대문구,화장품소매,172
마포구,화장품소매,163
양천구,화장품소매,148
강서구,화장품소매,228
구로구,화장품소매,152
금천구,화장품소매,98
영등포구,화장품소매,227
동작구,화장품소매,107
관악구,화장품소매,151
서초구,화장품소매,303
강남구,화장품소매,703
송파구,화장품소매,232
강동구,화장품소매,157
종로구,사진/광학/정밀기기소매,155
중구,사진/광학/정밀기기소매,269
용산구,사진/광학/정밀기기소매,287
성동구,사진/광학/정밀기기소매,174
광진구,사진/광학/정밀기기소매,354
동대문구,사진/광학/정밀기기소매,232
중랑구,사진/광학/정밀기기소매,201
성북구,사진/광학/정밀기기소매,215
강북구,사진/광학/정밀기기소매,109
도봉구,사진/광학/정밀기기소매,127
노원구,사진/광학/정밀기기소매,191
은평구,사진/광학/정밀기기소매,202
서대문구,사진/광학/정밀기기소매,160
마포구,사진/광학/정밀기기소매,229
양천구,사진/광학/정밀기기소매,166
강서구,사진/광학/정밀기기소매,247
구로구,사진/광학/정밀기기소매,230
금천구,사진/광학/정밀기기소매,180
영등포구,사진/광학/정밀기기소매,271
동작구,사진/광학/정밀기기소매,165
관악구,사진/광학/정밀기기소매,202
서초구,사진/광학/정밀기기소매,312
강남구,사진/광학/정밀기기소매,762
송파구,사진/광학/정밀기기소매,287
강동구,사진/광학/정밀기기소매,196
종로구,가전제품소매,166
중구,가전제품소매,80
용산구,가전제품소매,207
성동구,가전제품소매,31
광진구,가전제품소매,168
동대문구,가전제품소매,83
중랑구,가전제품소매,53
성북구,가전제품소매,51
강북구,가전제품소매,37
도봉구,가전제품소매,38
노원구,가전제품소매,32
은평구,가전제품소매,40
서대문구,가전제품소매,32
마포구,가전제품소매,42
양천구,가전제품소매,55
강서구,가전제품소매,61
구로구,가전제품소매,79
금천구,가전제품소매,50
영등포구,가전제품소매,113
동작구,가전제품소매,33
관악구,가전제품소매,57
서초구,가전제품소매,92
강남구,가전제품소매,128
송파구,가전제품소매,63
강동구,가전제품소매,86
종로구,시계/귀금속소매,476
중구,시계/귀금속소매,95
용산구,시계/귀금속소매,37
성동구,시계/귀금속소매,32
광진구,시계/귀금속소매,65
동대문구,시계/귀금속소매,58
중랑구,시계/귀금속소매,37
성북구,시계/귀금속소매,44
강북구,시계/귀금속소매,25
도봉구,시계/귀금속소매,27
노원구,시계/귀금속소매,44
은평구,시계/귀금속소매,34
서대문구,시계/귀금속소매,26
마포구,시계/귀금속소매,28
양천구,시계/귀금속소매,45
강서구,시계/귀금속소매,58
구로구,시계/귀금속소매,34
금천구,시계/귀금속소매,26
영등포구,시계/귀금속소매,63
동작구,시계/귀금속소매,34
관악구,시계/귀금속소매,47
서초구,시계/귀금속소매,63
강남구,시계/귀금속소매,182
송파구,시계/귀금속소매,62
강동구,시계/귀금속소매,50
종로구,종교용품판매,6
중구,종교용품판매,2
용산구,종교용품판매,0
성동구,종교용품판매,1
광진구,종교용품판매,3
동대문구,종교용품판매,1
중랑구,종교용품판매,1
성북구,종교용품판매,4
강북구,종교용품판매,1
도봉구,종교용품판매,0
노원구,종교용품판매,1
은평구,종교용품판매,0
서대문구,종교용품판매,1
마포구,종교용품판매,1
양천구,종교용품판매,1
강서구,종교용품판매,2
구로구,종교용품판매,2
금천구,종교용품판매,3
영등포구,종교용품판매,3
동작구,종교용품판매,3
관악구,종교용품판매,1
서초구,종교용품판매,7
강남구,종교용품판매,1
송파구,종교용품판매,2
강동구,종교용품판매,4
종로구,운동/경기용품소매,53
중구,운동/경기용품소매,111
용산구,운동/경기용품소매,48
성동구,운동/경기용품소매,44
광진구,운동/경기용품소매,119
동대문구,운동/경기용품소매,73
중랑구,운동/경기용품소매,43
성북구,운동/경기용품소매,60
강북구,운동/경기용품소매,45
도봉구,운동/경기용품소매,52
노원구,운동/경기용품소매,55
은평구,운동/경기용품소매,51
서대문구,운동/경기용품소매,23
마포구,운동/경기용품소매,39
양천구,운동/경기용품소매,59
강서구,운동/경기용품소매,84
구로구,운동/경기용품소매,49
금천구,운동/경기용품소매,82
영등포구,운동/경기용품소매,77
동작구,운동/경기용품소매,20
관악구,운동/경기용품소매,68
서초구,운동/경기용품소매,119
강남구,운동/경기용품소매,247
송파구,운동/경기용품소매,131
강동구,운동/경기용품소매,84
종로구,취미/오락관련소매,189
중구,취미/오락관련소매,20
용산구,취미/오락관련소매,42
성동구,취미/오락관련소매,10
광진구,취미/오락관련소매,28
동대문구,취미/오락관련소매,12
중랑구,취미/오락관련소매,17
성북구,취미/오락관련소매,27
강북구,취미/오락관련소매,6
도봉구,취미/오락관련소매,15
노원구,취미/오락관련소매,25
은평구,취미/오락관련소매,22
서대문구,취미/오락관련소매,15
마포구,취미/오락관련소매,27
양천구,취미/오락관련소매,16
강서구,취미/오락관련소매,18
구로구,취미/오락관련소매,23
금천구,취미/오락관련소매,9
영등포구,취미/오락관련소매,24
동작구,취미/오락관련소매,19
관악구,취미/오락관련소매,19
서초구,취미/오락관련소매,98
강남구,취미/오락관련소매,50
송파구,취미/오락관련소매,21
강동구,취미/오락관련소매,24
종로구,예술품/골동품/수석/분재,106
중구,예술품/골동품/수석/분재,25
용산구,예술품/골동품/수석/분재,28
성동구,예술품/골동품/수석/분재,1
광진구,예술품/골동품/수석/분재,18
동대문구,예술품/골동품/수석/분재,22
중랑구,예술품/골동품/수석/분재,7
성북구,예술품/골동품/수석/분재,12
강북구,예술품/골동품/수석/분재,3
도봉구,예술품/골동품/수석/분재,3
노원구,예술품/골동품/수석/분재,14
은평구,예술품/골동품/수석/분재,8
서대문구,예술품/골동품/수석/분재,8
마포구,예술품/골동품/수석/분재,22
양천구,예술품/골동품/수석/분재,7
강서구,예술품/골동품/수석/분재,4
구로구,예술품/골동품/수석/분재,7
금천구,예술품/골동품/수석/분재,1
영등포구,예술품/골동품/수석/분재,11
동작구,예술품/골동품/수석/분재,7
관악구,예술품/골동품/수석/분재,5
서초구,예술품/골동품/수석/분재,28
강남구,예술품/골동품/수석/분재,44
송파구,예술품/골동품/수석/분재,6
강동구,예술품/골동품/수석/분재,7
종로구,가구소매,14
중구,가구소매,75
용산구,가구소매,60
성동구,가구소매,13
광진구,가구소매,117
동대문구,가구소매,32
중랑구,가구소매,35
성북구,가구소매,35
강북구,가구소매,31
도봉구,가구소매,22
노원구,가구소매,30
은평구,가구소매,41
서대문구,가구소매,64
마포구,가구소매,26
양천구,가구소매,32
강서구,가구소매,48
구로구,가구소매,31
금천구,가구소매,18
영등포구,가구소매,32
동작구,가구소매,28
관악구,가구소매,33
서초구,가구소매,113
강남구,가구소매,144
송파구,가구소매,69
강동구,가구소매,46
종로구,철물/난방/건설자재소매,73
중구,철물/난방/건설자재소매,88
용산구,철물/난방/건설자재소매,49
성동구,철물/난방/건설자재소매,72
광진구,철물/난방/건설자재소매,121
동대문구,철물/난방/건설자재소매,132
중랑구,철물/난방/건설자재소매,109
성북구,철물/난방/건설자재소매,93
강북구,철물/난방/건설자재소매,50
도봉구,철물/난방/건설자재소매,69
노원구,철물/난방/건설자재소매,64
은평구,철물/난방/건설자재소매,87
서대문구,철물/난방/건설자재소매,58
마포구,철물/난방/건설자재소매,62
양천구,철물/난방/건설자재소매,65
강서구,철물/난방/건설자재소매,80
구로구,철물/난방/건설자재소매,126
금천구,철물/난방/건설자재소매,127
영등포구,철물/난방/건설자재소매,140
동작구,철물/난방/건설자재소매,70
관악구,철물/난방/건설자재소매,102
서초구,철물/난방/건설자재소매,86
강남구,철물/난방/건설자재소매,135
송파구,철물/난방/건설자재소매,115
강동구,철물/난방/건설자재소매,123
종로구,페인트/유리제품소매,17
중구,페인트/유리제품소매,25
용산구,페인트/유리제품소매,13
성동구,페인트/유리제품소매,9
광진구,페인트/유리제품소매,18
동대문구,페인트/유리제품소매,28
중랑구,페인트/유리제품소매,19
성북구,페인트/유리제품소매,24
강북구,페인트/유리제품소매,7
도봉구,페인트/유리제품소매,6
노원구,페인트/유리제품소매,8
은평구,페인트/유리제품소매,13
서대문구,페인트/유리제품소매,12
마포구,페인트/유리제품소매,12
양천구,페인트/유리제품소매,20
강서구,페인트/유리제품소매,21
구로구,페인트/유리제품소매,33
금천구,페인트/유리제품소매,25
영등포구,페인트/유리제품소매,31
동작구,페인트/유리제품소매,15
관악구,페인트/유리제품소매,25
서초구,페인트/유리제품소매,18
강남구,페인트/유리제품소매,27
송파구,페인트/유리제품소매,24
강동구,페인트/유리제품소매,24
종로구,책/서적/도서,92
중구,책/서적/도서,53
용산구,책/서적/도서,37
성동구,책/서적/도서,25
광진구,책/서적/도서,65
동대문구,책/서적/도서,32
중랑구,책/서적/도서,20
성북구,책/서적/도서,36
강북구,책/서적/도서,24
도봉구,책/서적/도서,36
노원구,책/서적/도서,38
은평구,책/서적/도서,35
서대문구,책/서적/도서,48
마포구,책/서적/도서,66
양천구,책/서적/도서,43
강서구,책/서적/도서,53
구로구,책/서적/도서,34
금천구,책/서적/도서,24
영등포구,책/서적/도서,50
동작구,책/서적/도서,39
관악구,책/서적/도서,49
서초구,책/서적/도서,85
강남구,책/서적/도서,114
송파구,책/서적/도서,52
강동구,책/서적/도서,36
종로구,건강/미용식품,67
중구,건강/미용식품,88
용산구,건강/미용식품,42
성동구,건강/미용식품,67
광진구,건강/미용식품,164
동대문구,건강/미용식품,302
중랑구,건강/미용식품,114
성북구,건강/미용식품,110
강북구,건강/미용식품,81
도봉구,건강/미용식품,86
노원구,건강/미용식품,85
은평구,건강/미용식품,123
서대문구,건강/미용식품,80
마포구,건강/미용식품,57
양천구,건강/미용식품,127
강서구,건강/미용식품,122
구로구,건강/미용식품,121
금천구,건강/미용식품,71
영등포구,건강/미용식품,137
동작구,건강/미용식품,92
관악구,건강/미용식품,134
서초구,건강/미용식품,166
강남구,건강/미용식품,330
송파구,건강/미용식품,159
강동구,건강/미용식품,136
종로구,전시/관람,0
중구,전시/관람,0
용산구,전시/관람,0
성동구,전시/관람,0
광진구,전시/관람,0
동대문구,전시/관람,0
중랑구,전시/관람,0
성북구,전시/관람,0
강북구,전시/관람,0
도봉구,전시/관람,0
노원구,전시/관람,0
은평구,전시/관람,0
서대문구,전시/관람,0
마포구,전시/관람,1
양천구,전시/관람,0
강서구,전시/관람,0
구로구,전시/관람,0
금천구,전시/관람,0
영등포구,전시/관람,0
동작구,전시/관람,0
관악구,전시/관람,0
서초구,전시/관람,0
강남구,전시/관람,1
송파구,전시/관람,0
강동구,전시/관람,0
종로구,놀이/여가/취미,2
중구,놀이/여가/취미,1
용산구,놀이/여가/취미,0
성동구,놀이/여가/취미,1
광진구,놀이/여가/취미,3
동대문구,놀이/여가/취미,3
중랑구,놀이/여가/취미,0
성북구,놀이/여가/취미,2
강북구,놀이/여가/취미,3
도봉구,놀이/여가/취미,2
노원구,놀이/여가/취미,1
은평구,놀이/여가/취미,2
서대문구,놀이/여가/취미,4
마포구,놀이/여가/취미,0
양천구,놀이/여가/취미,1
강서구,놀이/여가/취미,1
구로구,놀이/여가/취미,6
금천구,놀이/여가/취미,0
영등포구,놀이/여가/취미,0
동작구,놀이/여가/취미,0
관악구,놀이/여가/취미,0
서초구,놀이/여가/취미,0
강남구,놀이/여가/취미,6
송파구,놀이/여가/취미,3
강동구,놀이/여가/취미,3
종로구,요가/단전/마사지,41
중구,요가/단전/마사지,35
용산구,요가/단전/마사지,31
성동구,요가/단전/마사지,40
광진구,요가/단전/마사지,76
동대문구,요가/단전/마사지,37
중랑구,요가/단전/마사지,19
성북구,요가/단전/마사지,38
강북구,요가/단전/마사지,19
도봉구,요가/단전/마사지,17
노원구,요가/단전/마사지,34
은평구,요가/단전/마사지,32
서대문구,요가/단전/마사지,28
마포구,요가/단전/마사지,49
양천구,요가/단전/마사지,48
강서구,요가/단전/마사지,103
구로구,요가/단전/마사지,35
금천구,요가/단전/마사지,12
영등포구,요가/단전/마사지,65
동작구,요가/단전/마사지,38
관악구,요가/단전/마사지,61
서초구,요가/단전/마사지,121
강남구,요가/단전/마사지,230
송파구,요가/단전/마사지,78
강동구,요가/단전/마사지,55
종로구,PC/오락/당구/볼링등,87
중구,PC/오락/당구/볼링등,94
용산구,PC/오락/당구/볼링등,101
성동구,PC/오락/당구/볼링등,79
광진구,PC/오락/당구/볼링등,198
동대문구,PC/오락/당구/볼링등,148
중랑구,PC/오락/당구/볼링등,115
성북구,PC/오락/당구/볼링등,98
강북구,PC/오락/당구/볼링등,89
도봉구,PC/오락/당구/볼링등,64
노원구,PC/오락/당구/볼링등,116
은평구,PC/오락/당구/볼링등,93
서대문구,PC/오락/당구/볼링등,77
마포구,PC/오락/당구/볼링등,78
양천구,PC/오락/당구/볼링등,107
강서구,PC/오락/당구/볼링등,176
구로구,PC/오락/당구/볼링등,99
금천구,PC/오락/당구/볼링등,90
영등포구,PC/오락/당구/볼링등,124
동작구,PC/오락/당구/볼링등,98
관악구,PC/오락/당구/볼링등,160
서초구,PC/오락/당구/볼링등,162
강남구,PC/오락/당구/볼링등,308
송파구,PC/오락/당구/볼링등,174
강동구,PC/오락/당구/볼링등,140
종로구,스포츠/운동,1
중구,스포츠/운동,1
용산구,스포츠/운동,1
성동구,스포츠/운동,0
광진구,스포츠/운동,3
동대문구,스포츠/운동,1
중랑구,스포츠/운동,1
성북구,스포츠/운동,2
강북구,스포츠/운동,1
도봉구,스포츠/운동,0
노원구,스포츠/운동,3
은평구,스포츠/운동,1
서대문구,스포츠/운동,1
마포구,스포츠/운동,0
양천구,스포츠/운동,1
강서구,스포츠/운동,5
구로구,스포츠/운동,3
금천구,스포츠/운동,0
영등포구,스포츠/운동,0
동작구,스포츠/운동,0
관악구,스포츠/운동,1
서초구,스포츠/운동,1
강남구,스포츠/운동,0
송파구,스포츠/운동,1
강동구,스포츠/운동,2
종로구,경마/경륜/성인오락,7
중구,경마/경륜/성인오락,3
용산구,경마/경륜/성인오락,28
성동구,경마/경륜/성인오락,8
광진구,경마/경륜/성인오락,19
동대문구,경마/경륜/성인오락,15
중랑구,경마/경륜/성인오락,16
성북구,경마/경륜/성인오락,1
강북구,경마/경륜/성인오락,1
도봉구,경마/경륜/성인오락,2
노원구,경마/경륜/성인오락,3
은평구,경마/경륜/성인오락,5
서대문구,경마/경륜/성인오락,1
마포구,경마/경륜/성인오락,9
양천구,경마/경륜/성인오락,7
강서구,경마/경륜/성인오락,6
구로구,경마/경륜/성인오락,2
금천구,경마/경륜/성인오락,2
영등포구,경마/경륜/성인오락,7
동작구,경마/경륜/성인오락,3
관악구,경마/경륜/성인오락,10
서초구,경마/경륜/성인오락,8
강남구,경마/경륜/성인오락,17
송파구,경마/경륜/성인오락,17
강동구,경마/경륜/성인오락,6
종로구,무도/유흥/가무,70
중구,무도/유흥/가무,62
용산구,무도/유흥/가무,80
성동구,무도/유흥/가무,86
광진구,무도/유흥/가무,250
동대문구,무도/유흥/가무,114
중랑구,무도/유흥/가무,165
성북구,무도/유흥/가무,75
강북구,무도/유흥/가무,134
도봉구,무도/유흥/가무,74
노원구,무도/유흥/가무,127
은평구,무도/유흥/가무,112
서대문구,무도/유흥/가무,76
마포구,무도/유흥/가무,85
양천구,무도/유흥/가무,84
강서구,무도/유흥/가무,183
구로구,무도/유흥/가무,133
금천구,무도/유흥/가무,81
영등포구,무도/유흥/가무,121
동작구,무도/유흥/가무,66
관악구,무도/유흥/가무,151
서초구,무도/유흥/가무,149
강남구,무도/유흥/가무,231
송파구,무도/유흥/가무,212
강동구,무도/유흥/가무,173
종로구,연극/영화/극장,36
중구,연극/영화/극장,8
용산구,연극/영화/극장,9
성동구,연극/영화/극장,0
광진구,연극/영화/극장,10
동대문구,연극/영화/극장,2
중랑구,연극/영화/극장,4
성북구,연극/영화/극장,15
강북구,연극/영화/극장,3
도봉구,연극/영화/극장,5
노원구,연극/영화/극장,7
은평구,연극/영화/극장,3
서대문구,연극/영화/극장,8
마포구,연극/영화/극장,11
양천구,연극/영화/극장,0
강서구,연극/영화/극장,2
구로구,연극/영화/극장,4
금천구,연극/영화/극장,4
영등포구,연극/영화/극장,3
동작구,연극/영화/극장,7
관악구,연극/영화/극장,12
서초구,연극/영화/극장,30
강남구,연극/영화/극장,50
송파구,연극/영화/극장,1
강동구,연극/영화/극장,5
종로구,실내운동시설,14
중구,실내운동시설,8
용산구,실내운동시설,13
성동구,실내운동시설,12
광진구,실내운동시설,25
동대문구,실내운동시설,17
중랑구,실내운동시설,13
성북구,실내운동시설,15
강북구,실내운동시설,14
도봉구,실내운동시설,13
노원구,실내운동시설,17
은평구,실내운동시설,18
서대문구,실내운동시설,6
마포구,실내운동시설,28
양천구,실내운동시설,16
강서구,실내운동시설,35
구로구,실내운동시설,14
금천구,실내운동시설,8
영등포구,실내운동시설,23
동작구,실내운동시설,18
관악구,실내운동시설,21
서초구,실내운동시설,36
강남구,실내운동시설,82
송파구,실내운동시설,41
강동구,실내운동시설,18
종로구,실외운동시설,0
중구,실외운동시설,0
용산구,실외운동시설,1
성동구,실외운동시설,1
광진구,실외운동시설,3
동대문구,실외운동시설,0
중랑구,실외운동시설,0
성북구,실외운동시설,2
강북구,실외운동시설,0
도봉구,실외운동시설,0
노원구,실외운동시설,0
은평구,실외운동시설,0
서대문구,실외운동시설,1
마포구,실외운동시설,2
양천구,실외운동시설,2
강서구,실외운동시설,1
구로구,실외운동시설,1
금천구,실외운동시설,0
영등포구,실외운동시설,4
동작구,실외운동시설,0
관악구,실외운동시설,1
서초구,실외운동시설,1
강남구,실외운동시설,6
송파구,실외운동시설,2
강동구,실외운동시설,1
종로구,운영관리시설,1
중구,운영관리시설,2
용산구,운영관리시설,1
성동구,운영관리시설,6
광진구,운영관리시설,1
동대문구,운영관리시설,1
중랑구,운영관리시설,0
성북구,운영관리시설,2
강북구,운영관리시설,3
도봉구,운영관리시설,1
노원구,운영관리시설,2
은평구,운영관리시설,2
서대문구,운영관리시설,2
마포구,운영관리시설,0
양천구,운영관리시설,0
강서구,운영관리시설,3
구로구,운영관리시설,0
금천구,운영관리시설,5
영등포구,운영관리시설,2
동작구,운영관리시설,0
관악구,운영관리시설,1
서초구,운영관리시설,7
강남구,운영관리시설,19
송파구,운영관리시설,4
강동구,운영관리시설,0
종로구,학원-자격/국가고시,15
중구,학원-자격/국가고시,7
용산구,학원-자격/국가고시,9
성동구,학원-자격/국가고시,6
광진구,학원-자격/국가고시,14
동대문구,학원-자격/국가고시,13
중랑구,학원-자격/국가고시,6
성북구,학원-자격/국가고시,7
강북구,학원-자격/국가고시,4
도봉구,학원-자격/국가고시,4
노원구,학원-자격/국가고시,11
은평구,학원-자격/국가고시,8
서대문구,학원-자격/국가고시,3
마포구,학원-자격/국가고시,7
양천구,학원-자격/국가고시,6
강서구,학원-자격/국가고시,11
구로구,학원-자격/국가고시,5
금천구,학원-자격/국가고시,5
영등포구,학원-자격/국가고시,30
동작구,학원-자격/국가고시,32
관악구,학원-자격/국가고시,15
서초구,학원-자격/국가고시,24
강남구,학원-자격/국가고시,39
송파구,학원-자격/국가고시,14
강동구,학원-자격/국가고시,13
종로구,유아교육,79
중구,유아교육,47
용산구,유아교육,83
성동구,유아교육,113
광진구,유아교육,172
동대문구,유아교육,126
중랑구,유아교육,173
성북구,유아교육,170
강북구,유아교육,101
도봉구,유아교육,154
노원구,유아교육,268
은평구,유아교육,195
서대문구,유아교육,89
마포구,유아교육,125
양천구,유아교육,207
강서구,유아교육,233
구로구,유아교육,213
금천구,유아교육,112
영등포구,유아교육,139
동작구,유아교육,136
관악구,유아교육,195
서초구,유아교육,140
강남구,유아교육,185
송파구,유아교육,207
강동구,유아교육,181
종로구,도서관/독서실,47
중구,도서관/독서실,36
용산구,도서관/독서실,27
성동구,도서관/독서실,34
광진구,도서관/독서실,79
동대문구,도서관/독서실,69
중랑구,도서관/독서실,33
성북구,도서관/독서실,55
강북구,도서관/독서실,21
도봉구,도서관/독서실,37
노원구,도서관/독서실,57
은평구,도서관/독서실,48
서대문구,도서관/독서실,54
마포구,도서관/독서실,43
양천구,도서관/독서실,61
강서구,도서관/독서실,71
구로구,도서관/독서실,45
금천구,도서관/독서실,24
영등포구,도서관/독서실,64
동작구,도서관/독서실,128
관악구,도서관/독서실,124
서초구,도서관/독서실,103
강남구,도서관/독서실,206
송파구,도서관/독서실,92
강동구,도서관/독서실,83
종로구,학원기타,96
중구,학원기타,48
용산구,학원기타,71
성동구,학원기타,127
광진구,학원기타,162
동대문구,학원기타,159
중랑구,학원기타,148
성북구,학원기타,176
강북구,학원기타,99
도봉구,학원기타,162
노원구,학원기타,237
은평구,학원기타,202
서대문구,학원기타,121
마포구,학원기타,181
양천구,학원기타,211
강서구,학원기타,193
구로구,학원기타,135
금천구,학원기타,91
영등포구,학원기타,140
동작구,학원기타,118
관악구,학원기타,177
서초구,학원기타,277
강남구,학원기타,468
송파구,학원기타,234
강동구,학원기타,185
종로구,학원-예능취미체육,39
중구,학원-예능취미체육,31
용산구,학원-예능취미체육,21
성동구,학원-예능취미체육,32
광진구,학원-예능취미체육,86
동대문구,학원-예능취미체육,46
중랑구,학원-예능취미체육,51
성북구,학원-예능취미체육,57
강북구,학원-예능취미체육,23
도봉구,학원-예능취미체육,24
노원구,학원-예능취미체육,52
은평구,학원-예능취미체육,50
서대문구,학원-예능취미체육,22
마포구,학원-예능취미체육,42
양천구,학원-예능취미체육,47
강서구,학원-예능취미체육,87
구로구,학원-예능취미체육,65
금천구,학원-예능취미체육,38
영등포구,학원-예능취미체육,70
동작구,학원-예능취미체육,42
관악구,학원-예능취미체육,69
서초구,학원-예능취미체육,108
강남구,학원-예능취미체육,147
송파구,학원-예능취미체육,109
강동구,학원-예능취미체육,74
,a,
